INSERT INTO PESSOA (CPF, NOME) VALUES ('111.111.111-11', 'VITOR');
INSERT INTO PESSOA (CPF, NOME) VALUES ('222.222.222-22', 'EMERSON');
INSERT INTO PESSOA (CPF, NOME) VALUES ('333.333.333-33', 'BRENO');
INSERT INTO PESSOA (CPF, NOME) VALUES ('444.444.444-44', 'DAVID');
INSERT INTO PESSOA (CPF, NOME) VALUES ('555.555.555-55', 'LUIGI');
INSERT INTO PESSOA (CPF, NOME) VALUES ('666.666.666-66', 'ALEXANDRE');
INSERT INTO PESSOA (CPF, NOME) VALUES ('777.777.777-77', 'DIEGO');
INSERT INTO PESSOA (CPF, NOME) VALUES ('888.888.888-88', 'GABRIEL');

INSERT INTO MEMBRO (CPF, FUNCAO) VALUES ('111.111.111-11', 'FINANCEIRO');
INSERT INTO MEMBRO (CPF, FUNCAO) VALUES ('222.222.222-22', 'MARKETING');
INSERT INTO MEMBRO (CPF, FUNCAO) VALUES ('888.888.888-88', 'FINANCEIRO');
INSERT INTO MEMBRO (CPF, FUNCAO) VALUES ('777.777.777-77', 'MARKETING');

INSERT INTO DOADOR (CPF) VALUES ('222.222.222-22');
INSERT INTO DOADOR (CPF) VALUES ('444.444.444-44');

INSERT INTO ADOTANTE (CPF, RUA, NUMERO, BAIRRO, CIDADE) VALUES ('555.555.555-55', 'RUA A', 40, 'BAIRRO A', 'CRAVINHOS');
INSERT INTO ADOTANTE (CPF, RUA, NUMERO, BAIRRO, CIDADE) VALUES ('666.666.666-66', 'RUA B', 102, 'BAIRRO B', 'SANTOS');

INSERT INTO GASTOS (NOTA_FISCAL, ORIGEM, VALOR_DO_GASTO, MEMBRO_PAGAMENTO, FUNCAO) VALUES ('123456789', 'ABRIGO', 200.25, '111.111.111-11', 'FINANCEIRO');
INSERT INTO GASTOS (NOTA_FISCAL, ORIGEM, VALOR_DO_GASTO, MEMBRO_PAGAMENTO, FUNCAO) VALUES ('123456782', 'ABRIGO', 153.23, '888.888.888-88', 'FINANCEIRO');
INSERT INTO GASTOS (NOTA_FISCAL, ORIGEM, VALOR_DO_GASTO, MEMBRO_PAGAMENTO, FUNCAO) VALUES ('301341857', 'VETERINARIO', 5432.22, '111.111.111-11', 'FINANCEIRO');
INSERT INTO GASTOS (NOTA_FISCAL, ORIGEM, VALOR_DO_GASTO, MEMBRO_PAGAMENTO, FUNCAO) VALUES ('301141857', 'VETERINARIO', 2403.22, '888.888.888-88', 'FINANCEIRO');

INSERT INTO ABRIGO_TEMPORARIO (NOTA_FISCAL, RUA, NUMERO) VALUES ('123456789', 'RUA C', 234);
INSERT INTO ABRIGO_TEMPORARIO (NOTA_FISCAL, RUA, NUMERO) VALUES ('123456782', 'RUA D', 1234);

INSERT INTO GATO VALUES ('BOLA DE NEVE', 'RAÇA A', 'RESGATADO', NULL, NULL);
INSERT INTO GATO VALUES ('GARFIELD', 'LARANJA', 'ADOTADO', '222.222.222-22', 'MARKETING');
INSERT INTO GATO VALUES ('BATISMO', 'RAÇA B', 'ADOTADO', '777.777.777-77', 'MARKETING');
INSERT INTO GATO VALUES ('1', 'RAÇA C', 'RESGATADO', '777.777.777-77', 'MARKETING');
INSERT INTO GATO VALUES ('2', 'RAÇA D', 'LIVRE', '222.222.222-22', 'MARKETING');
INSERT INTO GATO VALUES ('3', 'RAÇA D', 'LIVRE', NULL, NULL);

INSERT INTO GATO_ADOTADO VALUES ('GARFIELD', '555.555.555-55');
INSERT INTO GATO_ADOTADO VALUES ('BATISMO', '666.666.666-66');

INSERT INTO GATO_RESGATADO VALUES ('BOLA DE NEVE', 'Y', '123456789');
INSERT INTO GATO_RESGATADO VALUES ('1', 'N', '123456782');

INSERT INTO GATO_LIVRE VALUES ('2');
INSERT INTO GATO_LIVRE VALUES ('3');

INSERT INTO VETERINARIO VALUES ('301341857', 1234, 'DAVID', 'BOLA DE NEVE');
INSERT INTO VETERINARIO VALUES ('301141857', 11234, 'HYPE', 'GARFIELD');

INSERT INTO DOACAO VALUES (TO_DATE('2022/12/08 19:00:32', 'YYYY/MM/DD HH24:MI:SS'), '111.111.111-11', 'FINANCEIRO', '222.222.222-22', 10);
INSERT INTO DOACAO VALUES (TO_DATE('2021/09/15 23:30:08', 'YYYY/MM/DD HH24:MI:SS'), '888.888.888-88', 'FINANCEIRO', '444.444.444-44', 1000);

INSERT INTO AVISTAMENTO VALUES (TO_DATE('2022/07/05 12:40', 'YYYY/MM/DD HH24:MI'), 'BLOCO DIDATICO DO CAMPUS 2', '333.333.333-33');
INSERT INTO AVISTAMENTO VALUES (TO_DATE('2021/05/12 13:50', 'YYYY/MM/DD HH24:MI'), 'RESTAURANTE UNIVERSITARIO NO CAMPUS 1', '888.888.888-88');

INSERT INTO RELACIONA VALUES ('3', TO_DATE('2022/07/05 12:40', 'YYYY/MM/DD HH24:MI'), '111.111.111-11', 'FINANCEIRO');
INSERT INTO RELACIONA VALUES ('3', TO_DATE('2021/05/12 13:50', 'YYYY/MM/DD HH24:MI'), '777.777.777-77', 'MARKETING');
